Datum;Vård och omsorg;Kontor;Hotell;Basindustri
2019-06-01;4517;380;764;3004
2019-06-02;4729;377;743;3588
2019-06-03;3517;3033;599;2650
2019-06-04;3428;3018;629;2706
2019-06-05;3699;2923;590;2683
2019-06-06;3312;3090;597;2682
2019-06-07;3759;3334;666;2983
2019-06-08;4317;353;672;3184
2019-06-09;4457;375;701;3147
2019-06-10;3769;3029;617;2705
2019-06-11;3793;3052;576;2671
2019-06-12;3891;3157;610;2639
2019-06-13;3747;3327;597;2648
2019-06-14;4074;3667;645;2901
2019-06-15;4253;401;748;3222
2019-06-16;3964;398;675;3127
2019-06-17;3773;3363;649;2742
2019-06-18;3605;3382;662;2652
2019-06-19;3716;3395;566;2674
2019-06-20;3574;3283;607;2663
2019-06-21;3834;3713;653;2928
2019-06-22;4312;405;760;3149
2019-06-23;4254;438;730;3187
2019-06-24;3679;3650;630;2646
2019-06-25;3651;3426;599;2684
2019-06-26;3521;3649;604;2679
2019-06-27;3547;3594;604;2729
2019-06-28;4046;4096;724;2922
2019-06-29;4127;434;750;3189
2019-06-30;4215;441;749;3188
2019-07-01;3541;3899;574;2686
2019-07-02;3682;3774;619;2676
2019-07-03;3667;3897;575;2739
2019-07-04;3676;3833;578;2749
2019-07-05;3940;4249;646;2855
2019-07-06;4160;446;731;3239
2019-07-07;4478;474;686;3211
2019-07-08;3500;3989;588;2608
2019-07-09;3805;4056;579;2728
2019-07-10;3575;4295;605;2626
2019-07-11;3604;3980;626;2669
2019-07-12;3894;4712;689;2968
2019-07-13;4314;482;724;3212
2019-07-14;4374;502;734;3222
2019-07-15;3877;4561;675;2930
2019-07-16;3990;4685;660;2896
2019-07-17;3880;4960;658;2933
2019-07-18;3966;4611;643;2989
2019-07-19;4445;5354;733;3258
2019-07-20;4738;581;818;3523
2019-07-21;4725;558;765;3546
2019-07-22;3741;5000;631;2974
2019-07-23;4012;4698;679;2935
2019-07-24;4041;4879;671;3000
2019-07-25;4264;5126;638;2933
2019-07-26;4632;5353;707;3273
2019-07-27;4790;627;830;3500
2019-07-28;4446;619;839;3577
2019-07-29;3899;4792;671;2664
2019-07-30;3545;4808;609;2662
2019-07-31;3734;4875;632;2727
2019-08-01;3647;4816;584;2695
2019-08-02;3865;5163;683;2850
2019-08-03;4235;602;698;3262
2019-08-04;4349;619;738;3166
2019-08-05;3496;4864;608;2706
2019-08-06;3949;4946;623;2693
2019-08-07;3698;4939;595;2738
2019-08-08;3711;5015;597;2716
2019-08-09;4235;5574;665;2960
2019-08-10;4353;597;738;3283
2019-08-11;4390;583;786;3227
2019-08-12;3776;4834;588;2705
2019-08-13;3669;5325;606;2697
2019-08-14;3652;5242;587;2688
2019-08-15;3650;5521;586;2675
2019-08-16;4032;5738;669;2952
2019-08-17;4536;623;724;3219
2019-08-18;4337;654;758;3261
2019-08-19;3666;5831;709;2941
2019-08-20;4453;6249;638;3023
2019-08-21;4279;6146;665;2925
2019-08-22;4221;5946;648;2840
2019-08-23;4477;6335;746;3287
2019-08-24;4757;726;792;3568
2019-08-25;4515;705;788;3599
2019-08-26;3956;6137;683;2943
2019-08-27;4018;6348;681;2952
2019-08-28;4301;6032;648;2941
2019-08-29;4228;6439;714;2898
2019-08-30;4476;6751;729;3217
2019-08-31;4957;745;850;3574
2019-09-01;4749;737;796;3617
2019-09-02;3627;5800;568;2719
2019-09-03;3944;5996;592;2665
2019-09-04;3724;5921;594;2684
2019-09-05;3525;6284;621;2707
2019-09-06;3840;6361;727;3035
2019-09-07;4214;709;778;3182
2019-09-08;4661;781;773;3239
2019-09-09;3634;6047;608;2626
2019-09-10;3808;5994;584;2643
2019-09-11;3711;5976;623;2752
2019-09-12;3497;6443;616;2663
2019-09-13;3996;6506;723;2942
2019-09-14;4493;708;721;3249
2019-09-15;4524;783;698;3235
2019-09-16;3624;6276;647;2672
2019-09-17;3819;6494;625;2694
2019-09-18;3802;6106;598;2681
2019-09-19;3712;6212;547;2773
2019-09-20;4423;7088;692;2947
2019-09-21;4660;781;711;3271
2019-09-22;4298;737;742;3246
2019-09-23;3415;6507;618;2668
2019-09-24;3595;6525;629;2676
2019-09-25;3622;6613;594;2658
2019-09-26;3531;6766;594;2654
2019-09-27;4267;7753;685;2967
2019-09-28;4614;803;708;3285
2019-09-29;4666;796;727;3208
2019-09-30;3646;6684;640;2673
2019-10-01;4105;6648;623;2663
2019-10-02;3659;6906;587;2791
2019-10-03;3733;6835;618;2659
2019-10-04;4235;7845;653;2901
2019-10-05;4510;824;774;3233
2019-10-06;4751;849;773;3160
2019-10-07;3563;7099;634;2692
2019-10-08;3977;7251;600;2699
2019-10-09;3663;7009;652;2708
2019-10-10;3926;7159;611;2696
2019-10-11;4135;7625;718;2974
2019-10-12;4279;827;794;3186
2019-10-13;4115;836;793;3285
2019-10-14;3890;7089;589;2746
2019-10-15;3583;7268;604;2717
2019-10-16;3536;6988;562;2787
2019-10-17;3819;7365;574;2671
2019-10-18;4089;8103;718;2925
2019-10-19;4538;828;769;3255
2019-10-20;4503;835;739;3187
2019-10-21;3747;7294;604;2662
2019-10-22;3996;6989;630;2772
2019-10-23;4003;7409;644;2695
2019-10-24;3800;6697;651;2704
2019-10-25;4100;7556;664;3001
2019-10-26;4935;774;758;3291
2019-10-27;4423;828;742;3297
2019-10-28;3738;6771;641;2668
2019-10-29;3793;7232;556;2758
2019-10-30;3770;6845;591;2710
2019-10-31;3483;7000;637;2662
2019-11-01;4301;7572;694;2894
2019-11-02;4392;836;749;3330
2019-11-03;4447;860;779;3258
2019-11-04;3793;6982;659;2740
2019-11-05;3688;7156;688;2805
2019-11-06;3408;7201;673;2820
2019-11-07;3528;7010;591;2778
2019-11-08;4447;8168;778;3113
2019-11-09;4244;808;812;3385
2019-11-10;4573;839;791;3470
2019-11-11;3865;7396;630;2908
2019-11-12;3742;6923;627;2813
2019-11-13;3959;6913;651;2879
2019-11-14;3776;6958;699;2911
2019-11-15;4024;8012;736;3244
2019-11-16;4475;893;802;3555
2019-11-17;4818;867;822;3634
2019-11-18;3750;7428;653;2936
2019-11-19;4079;7109;719;3031
2019-11-20;3646;6932;677;2970
2019-11-21;3738;7032;691;3089
2019-11-22;4295;7743;820;3312
2019-11-23;4588;854;823;3716
2019-11-24;4209;882;878;3693
2019-11-25;3754;7315;674;3040
2019-11-26;3935;7226;669;3062
2019-11-27;3592;7047;703;3028
2019-11-28;4003;7655;756;3072
2019-11-29;4316;8066;797;3477
2019-11-30;4505;880;832;3832
2019-12-01;4348;907;887;3827
2019-12-02;3668;7562;672;3103
2019-12-03;3644;7491;733;3108
2019-12-04;3839;7535;742;3134
2019-12-05;3606;7079;783;3171
2019-12-06;4008;7993;821;3397
2019-12-07;4493;910;881;3723
2019-12-08;4645;880;827;3776
2019-12-09;3812;7402;723;3193
2019-12-10;3912;7485;710;3210
2019-12-11;3784;7136;664;3170
2019-12-12;3659;7080;746;3083
2019-12-13;4313;7740;834;3546
2019-12-14;4850;864;840;3805
2019-12-15;4710;869;903;3786
2019-12-16;3841;7072;744;3067
2019-12-17;3985;7040;786;3159
2019-12-18;3794;6880;735;3147
2019-12-19;3757;7386;733;3087
2019-12-20;4021;7596;790;3505
2019-12-21;4770;825;908;3723
2019-12-22;4838;823;875;3617
2019-12-23;3979;6973;712;3127
2019-12-24;3677;698;718;3150
2019-12-25;4048;659;732;3094
2019-12-26;3828;679;684;3154
2019-12-27;4417;7797;822;3465
2019-12-28;4448;826;897;3742
2019-12-29;4303;830;858;3707
2019-12-30;3784;6893;707;3109
2019-12-31;3893;688;733;3173
2020-01-01;3801;6689;735;3072
2020-01-02;3981;6394;698;3165
2020-01-03;4101;7414;735;3402
2020-01-04;4632;776;824;3664
2020-01-05;4556;798;841;3662
2020-01-06;3972;6368;716;2997
2020-01-07;3921;6447;718;2957
2020-01-08;3757;6345;687;2939
2020-01-09;4115;6253;710;2957
2020-01-10;4312;6979;778;3283
2020-01-11;4983;734;791;3596
2020-01-12;4432;745;856;3666
2020-01-13;4075;6331;710;3027
2020-01-14;4215;6145;642;2905
2020-01-15;3946;6110;694;2858
2020-01-16;3905;6098;651;2888
2020-01-17;4303;6623;726;3191
2020-01-18;4406;744;807;3418
2020-01-19;4545;697;783;3506
2020-01-20;3891;5812;701;2845
2020-01-21;3968;5813;610;2871
2020-01-22;3904;5748;620;2772
2020-01-23;3793;5820;620;2896
2020-01-24;4188;6205;706;3093
2020-01-25;4831;715;830;3285
2020-01-26;4646;647;759;3395
2020-01-27;3905;5519;688;2727
2020-01-28;3730;5713;622;2754
2020-01-29;3855;5555;641;2817
2020-01-30;3823;5382;610;2732
2020-01-31;4275;5909;750;3093
2020-02-01;4558;661;787;3337
2020-02-02;4480;633;761;3338
2020-02-03;3910;5178;644;2719
2020-02-04;3924;5415;625;2759
2020-02-05;3862;5299;632;2729
2020-02-06;3700;5475;612;2698
2020-02-07;4273;6065;705;3035
2020-02-08;4527;672;802;3381
2020-02-09;4585;646;820;3302
2020-02-10;3897;5404;650;2780
2020-02-11;3854;5243;617;2845
2020-02-12;3895;5086;632;2718
2020-02-13;3740;5230;663;2719
2020-02-14;4206;5693;671;2950
2020-02-15;4688;640;797;3209
2020-02-16;4534;680;783;3267
2020-02-17;3815;5405;651;2765
2020-02-18;4106;5612;644;2787
2020-02-19;3884;5720;658;2778
2020-02-20;3842;5406;622;2693
2020-02-21;4281;6085;712;3025
2020-02-22;4742;666;726;3317
2020-02-23;4511;661;788;3333
2020-02-24;3749;5376;653;2694
2020-02-25;4122;5505;616;2820
2020-02-26;4247;5496;641;2751
2020-02-27;4025;5461;653;2750
2020-02-28;4409;6344;785;3054
2020-02-29;4689;679;773;3248
2020-03-01;4733;711;795;3280
2020-03-02;4081;5825;676;2661
2020-03-03;3990;5664;619;2728
2020-03-04;4136;5914;641;2818
2020-03-05;3894;6161;637;2743
2020-03-06;4519;6169;738;2975
2020-03-07;4993;720;798;3281
2020-03-08;4896;726;852;3312
2020-03-09;3961;5910;665;2718
2020-03-10;4252;5886;603;2697
2020-03-11;4339;6122;691;2763
2020-03-12;4299;6089;670;2730
2020-03-13;4943;6406;711;3014
2020-03-14;5195;717;739;3280
2020-03-15;5060;708;777;3332
2020-03-16;4482;6037;657;2732
2020-03-17;4442;6199;614;2736
2020-03-18;4417;6590;674;2879
2020-03-19;4326;6125;648;2748
2020-03-20;4946;6759;670;3001
2020-03-21;5618;776;738;3286
2020-03-22;5460;761;799;3295
2020-03-23;4989;7129;673;3138
2020-03-24;5318;7086;736;3037
2020-03-25;4945;7402;697;3027
2020-03-26;5009;7396;664;2967
2020-03-27;5526;7454;750;3211
2020-03-28;6140;886;886;3591
2020-03-29;6282;895;864;3587
2020-03-30;5026;6650;692;2745
2020-03-31;4839;6853;665;2807
2020-04-01;4648;6699;610;2776
2020-04-02;4689;6785;630;2728
2020-04-03;5323;7375;779;3038
2020-04-04;5661;804;753;3315
2020-04-05;5320;811;777;3290
2020-04-06;4860;6942;675;2695
2020-04-07;4470;6843;645;2769
2020-04-08;4644;6744;601;2757
2020-04-09;4689;7310;629;2724
2020-04-10;5077;8131;716;2981
2020-04-11;5511;880;774;3347
2020-04-12;5684;870;775;3330
2020-04-13;4714;7270;647;2784
2020-04-14;4527;7082;669;2719
2020-04-15;5116;7231;654;2787
2020-04-16;4803;7614;646;2714
2020-04-17;4870;7922;655;3001
2020-04-18;5349;877;816;3328
2020-04-19;5360;924;773;3320
2020-04-20;4623;7624;631;2772
2020-04-21;4835;7399;644;2738
2020-04-22;4747;7110;604;2806
2020-04-23;4633;7768;638;2827
2020-04-24;5395;8597;718;3021
2020-04-25;5654;906;792;3274
2020-04-26;5795;899;767;3361
2020-04-27;4513;7591;652;2770
2020-04-28;4702;7617;652;2735
2020-04-29;4435;7870;622;2831
2020-04-30;4945;7706;661;2796
2020-05-01;5139;8508;707;3088
2020-05-02;5787;930;807;3375
2020-05-03;5731;939;801;3335
2020-05-04;4793;7564;624;2738
2020-05-05;4799;8078;650;2758
2020-05-06;4697;7926;673;2751
2020-05-07;4545;7731;635;2773
2020-05-08;4993;8656;760;3072
2020-05-09;5890;903;763;3287
2020-05-10;5788;943;772;3336
2020-05-11;4369;7265;663;2784
2020-05-12;4813;7498;642;2755
2020-05-13;4627;7165;657;2802
2020-05-14;4673;7250;668;2761
2020-05-15;5189;7992;719;3092
2020-05-16;5055;901;823;3260
2020-05-17;5606;871;741;3321
2020-05-18;5307;7347;755;3020
2020-05-19;5351;8390;732;3045
2020-05-20;5151;757;707;3077
2020-05-21;5332;713;729;3006
2020-05-22;5722;770;785;3392
2020-05-23;4982;54;867;3021
2020-05-24;5256;60;704;3106
2020-05-25;5275;537;695;3083
2020-05-26;5372;508;763;2974
2020-05-27;5329;468;751;3115
2020-05-28;5054;440;685;3052
2020-05-29;5776;410;796;3313
2020-05-30;4758;28;718;2827
2020-05-31;6394;37;865;3618
2020-06-01;5230;265;719;3080
2020-06-02;5325;249;689;3112
2020-06-03;5205;213;725;3082
2020-06-04;5558;210;778;3320
2020-06-05;5945;171;926;3604
2020-06-06;5871;12;857;3648
2020-06-07;4838;4;693;2807
2020-06-08;4533;16;639;2733
2020-06-09;4341;24;631;2805
2020-06-10;4443;48;677;2778
2020-06-11;4793;110;697;2986
2020-06-12;5221;143;772;3338
2020-06-13;5131;18;776;3293
2020-06-14;4304;19;661;2748
2020-06-15;4189;231;680;2858
2020-06-16;4319;278;638;2845
2020-06-17;3995;275;650;2808
2020-06-18;4563;360;744;3114
2020-06-19;5359;408;773;3315
2020-06-20;5128;44;799;3372
2020-06-21;4208;41;722;2772
2020-06-22;4070;469;658;2726
2020-06-23;3801;477;704;2726
2020-06-24;3894;531;703;2765
2020-06-25;4599;588;701;3060
2020-06-26;4879;646;835;3345
2020-06-27;5134;69;863;3278
2020-06-28;4287;49;676;2777
2020-06-29;4077;477;666;2818
2020-06-30;3774;434;701;2754
2020-07-01;4233;401;686;2828
2020-07-02;4383;417;745;3061
2020-07-03;4800;418;821;3368
2020-07-04;4929;39;718;3348
2020-07-05;4224;30;664;2800
2020-07-06;4203;272;698;2779
2020-07-07;4008;229;700;2804
2020-07-08;3885;216;672;2812
2020-07-09;4208;215;790;3105
2020-07-10;4723;198;826;3428
2020-07-11;4628;15;856;3397
2020-07-12;4017;9;684;2804
2020-07-13;3927;61;668;2753
2020-07-14;3812;16;699;2790
2020-07-15;4273;28;693;2812
2020-07-16;4268;81;717;3030
2020-07-17;4744;119;814;3370
2020-07-18;4532;15;854;3438
2020-07-19;4384;17;707;3040
2020-07-20;4251;187;744;3098
2020-07-21;4412;221;745;3063
2020-07-22;4102;255;737;3064
2020-07-23;4929;304;795;3424
2020-07-24;4957;382;857;3685
2020-07-25;4605;39;846;3623
2020-07-26;4415;37;714;3087
2020-07-27;4408;379;730;3141
2020-07-28;4522;448;742;3090
2020-07-29;4696;456;729;3103
2020-07-30;4909;521;800;3440
2020-07-31;5420;600;929;3703
2020-08-01;5139;66;876;3769
2020-08-02;4052;53;729;2877
2020-08-03;4230;575;763;2800
2020-08-04;3937;615;699;2799
2020-08-05;3920;587;665;2818
2020-08-06;4503;706;731;3039
2020-08-07;4807;841;820;3460
2020-08-08;4854;82;776;3346
2020-08-09;4035;74;712;2814
2020-08-10;3804;796;653;2800
2020-08-11;4090;838;666;2923
2020-08-12;3965;883;679;2885
2020-08-13;4327;957;760;3142
2020-08-14;4917;1157;813;3296
2020-08-15;5048;108;806;3447
2020-08-16;4098;96;683;2793
2020-08-17;3892;1018;713;2848
2020-08-18;3806;996;707;2789
2020-08-19;3999;1114;723;2840
2020-08-20;4555;1125;733;3071
2020-08-21;5165;1362;803;3427
2020-08-22;4748;134;852;3391
2020-08-23;4520;132;770;3112
2020-08-24;4742;1234;714;3107
2020-08-25;4392;1312;776;3079
2020-08-26;4329;1376;778;3073
2020-08-27;4801;1556;832;3381
2020-08-28;5336;1625;933;3670
2020-08-29;5164;184;897;3698
2020-08-30;4377;153;749;3097
2020-08-31;4403;1495;722;3167
2020-09-01;4660;1655;748;3051
2020-09-02;4292;1633;758;3120
2020-09-03;4923;1688;862;3467
2020-09-04;5548;2086;918;3700
2020-09-05;5179;202;906;3619
2020-09-06;4095;163;710;2792
2020-09-07;4225;1586;680;2896
2020-09-08;4200;1642;677;2866
2020-09-09;4007;1619;656;2812
2020-09-10;4185;1867;828;3174
2020-09-11;4844;2031;884;3407
2020-09-12;4920;213;835;3455
2020-09-13;4257;173;653;2837
2020-09-14;3885;1768;682;2842
2020-09-15;4058;1815;683;2832
2020-09-16;3772;1850;689;2823
2020-09-17;4368;2076;782;3150
2020-09-18;4837;2323;876;3390
2020-09-19;4829;227;829;3466
2020-09-20;3853;197;729;2795
2020-09-21;4105;2040;682;2843
2020-09-22;4000;2034;677;2937
2020-09-23;4087;2085;731;2903
2020-09-24;4445;2374;743;3082
2020-09-25;4810;2581;794;3463
2020-09-26;4959;252;860;3428
2020-09-27;4014;235;718;2806
2020-09-28;4015;2250;701;2898
2020-09-29;4036;2303;759;2918
2020-09-30;4183;2386;706;2813
2020-10-01;4729;2537;765;3166
2020-10-02;4489;2920;844;3406
2020-10-03;4554;291;842;3484
2020-10-04;4091;241;741;2822
2020-10-05;3903;2531;731;2824
2020-10-06;3885;2660;697;2875
2020-10-07;4047;2678;653;2867
2020-10-08;4601;2873;788;3138
2020-10-09;4954;3292;876;3386
2020-10-10;4804;315;824;3459
2020-10-11;4008;269;702;2794
2020-10-12;3919;2959;697;2881
2020-10-13;4271;2761;700;2848
2020-10-14;4098;2764;673;2888
2020-10-15;4433;2955;755;3187
2020-10-16;5095;3348;885;3478
2020-10-17;4875;362;870;3486
2020-10-18;3819;289;758;2901
2020-10-19;3900;2920;707;2830
2020-10-20;4193;2915;709;2898
2020-10-21;4188;3101;704;2824
2020-10-22;4202;3412;810;3090
2020-10-23;4705;3704;899;3435
2020-10-24;4694;380;867;3437
2020-10-25;4096;295;723;2872
2020-10-26;3928;3183;735;2891
2020-10-27;3982;3315;722;2869
2020-10-28;4352;3177;704;2935
2020-10-29;4635;3629;789;3202
2020-10-30;4845;3805;851;3491
2020-10-31;5052;411;884;3537
2020-11-01;3871;327;720;2957
2020-11-02;4107;3409;782;2839
2020-11-03;4102;3500;765;2974
2020-11-04;4110;3427;765;2931
2020-11-05;4772;4067;800;3305
2020-11-06;4935;4402;964;3518
2020-11-07;4815;445;909;3580
2020-11-08;4045;382;700;3063
2020-11-09;4061;3889;803;3073
2020-11-10;4060;3902;760;3028
2020-11-11;4386;3859;771;3113
2020-11-12;4715;4369;840;3458
2020-11-13;4976;4642;888;3803
2020-11-14;4981;480;903;3677
2020-11-15;3759;399;759;3132
2020-11-16;3803;4114;780;3079
2020-11-17;4293;3936;761;3125
2020-11-18;4001;4161;787;3142
2020-11-19;4435;4750;875;3480
2020-11-20;4722;5244;979;3907
2020-11-21;5180;525;958;3897
2020-11-22;4003;428;818;3279
2020-11-23;4279;4597;830;3304
2020-11-24;4229;4490;819;3226
2020-11-25;3961;4593;802;3244
2020-11-26;4733;5344;910;3685
2020-11-27;4887;5872;1007;4066
2020-11-28;4998;569;998;3966
2020-11-29;3970;486;826;3372
2020-11-30;4145;4805;812;3307
2020-12-01;4294;4860;871;3267
2020-12-02;3981;5059;886;3344
2020-12-03;4608;5627;987;3688
2020-12-04;4615;5827;1009;3943
2020-12-05;5360;627;1005;3965
2020-12-06;4081;507;891;3331
2020-12-07;4032;5044;778;3378
2020-12-08;4054;5161;818;3367
2020-12-09;4177;5302;822;3343
2020-12-10;4558;5638;985;3664
2020-12-11;4880;6864;1007;3975
2020-12-12;4927;620;1016;4020
2020-12-13;4154;544;820;3333
2020-12-14;4168;5367;895;3399
2020-12-15;4278;5398;828;3381
2020-12-16;3903;5601;855;3305
2020-12-17;4651;6141;938;3612
2020-12-18;4675;6730;1004;4007
2020-12-19;4616;655;1017;4031
2020-12-20;3996;562;833;3335
2020-12-21;3829;5632;805;3375
2020-12-22;4194;5523;816;3364
2020-12-23;3933;5769;822;3301
2020-12-24;4613;645;909;3631
2020-12-25;4917;702;1019;4064
2020-12-26;5048;722;1039;4005
2020-12-27;3925;604;855;3352
2020-12-28;4203;5903;848;3326
2020-12-29;4002;5966;813;3353
2020-12-30;3877;6020;834;3290
2020-12-31;4647;650;910;3688
2021-01-01;4672;714;988;3885
2021-01-02;4652;743;1006;4007
2021-01-03;3894;616;809;3227
2021-01-04;4057;6010;796;3251
2021-01-05;4207;6007;852;3297
2021-01-06;4103;6289;802;3218
2021-01-07;4363;6699;871;3561
2021-01-08;4716;7571;970;3799
2021-01-09;4999;725;967;3753
2021-01-10;4361;613;805;3200
2021-01-11;4109;6031;831;3128
2021-01-12;4077;6536;800;3158
2021-01-13;4444;6306;764;3127
2021-01-14;4575;6609;816;3482
2021-01-15;4831;7694;945;3685
2021-01-16;4860;761;941;3664
2021-01-17;3618;617;758;3104
2021-01-18;4087;6540;811;3065
2021-01-19;4349;6185;755;3022
2021-01-20;3941;6674;801;2966
2021-01-21;4776;6678;832;3286
2021-01-22;5025;7423;871;3560
2021-01-23;4895;700;935;3534
2021-01-24;4151;618;753;2976
2021-01-25;4013;5803;692;2915
2021-01-26;4120;6150;758;2909
2021-01-27;3924;5721;714;2894
2021-01-28;4711;6437;817;3156
2021-01-29;4708;6878;852;3548
2021-01-30;5130;668;929;3585
2021-01-31;4120;572;741;2993
2021-02-01;4081;5760;729;2901
2021-02-02;4073;5647;745;2936
2021-02-03;3895;5804;747;2952
2021-02-04;4534;6462;843;3187
2021-02-05;5089;6866;892;3508
2021-02-06;4877;659;894;3495
2021-02-07;4382;538;754;2908
2021-02-08;4318;5482;695;2965
2021-02-09;4180;5587;755;3000
2021-02-10;4095;5374;780;2941
2021-02-11;4411;5780;780;3348
2021-02-12;4493;6358;912;3543
2021-02-13;4792;623;901;3625
2021-02-14;4217;499;733;2926
2021-02-15;4069;5005;760;2909
2021-02-16;3662;4897;761;2999
2021-02-17;4112;4944;718;3008
2021-02-18;4622;5656;840;3268
2021-02-19;4799;5826;885;3534
2021-02-20;4782;599;891;3579
2021-02-21;4087;487;764;2993
2021-02-22;4169;4820;762;2957
2021-02-23;4414;4829;759;2916
2021-02-24;4140;4654;738;2955
2021-02-25;4478;5286;848;3293
2021-02-26;4887;5906;955;3591
2021-02-27;4614;553;926;3535
2021-02-28;4214;462;773;2942
2021-03-01;4004;4612;716;2953
2021-03-02;4207;4562;741;2955
2021-03-03;4021;4574;783;2938
2021-03-04;4752;5191;808;3307
2021-03-05;5030;5286;878;3511
2021-03-06;5204;562;912;3530
2021-03-07;4541;450;811;2894
2021-03-08;4429;4640;780;2961
2021-03-09;4573;4297;746;3038
2021-03-10;4506;4439;759;2952
2021-03-11;4761;4877;857;3229
2021-03-12;5083;5345;940;3517
2021-03-13;5584;505;943;3597
2021-03-14;4368;436;722;2949
2021-03-15;4415;4251;785;2947
2021-03-16;4490;3976;753;3039
2021-03-17;4511;4062;792;3001
2021-03-18;5030;4515;815;3250
2021-03-19;5294;4719;958;3564
2021-03-20;5792;497;921;3505
2021-03-21;4711;413;745;3008
2021-03-22;4723;3943;803;3021
2021-03-23;4908;3818;747;2892
2021-03-24;4485;3974;753;2887
2021-03-25;5281;4329;815;3275
2021-03-26;5806;4737;892;3646
2021-03-27;5801;478;923;3547
2021-03-28;5551;422;844;3257
2021-03-29;5340;4181;868;3277
2021-03-30;5106;3904;812;3249
2021-03-31;5513;4065;844;3294
2021-04-01;5925;4399;963;3587
2021-04-02;6725;4748;993;3903
2021-04-03;6681;490;1035;3934
2021-04-04;4921;375;782;2891
2021-04-05;5004;3459;775;2958
2021-04-06;4935;3518;735;3035
2021-04-07;4853;3501;792;3049
2021-04-08;5619;3863;861;3292
2021-04-09;6171;4085;929;3558
2021-04-10;5706;406;900;3583
2021-04-11;4862;345;783;2967
2021-04-12;5056;3254;755;3062
2021-04-13;4960;3325;764;2966
2021-04-14;4953;3320;769;3016
2021-04-15;5287;3562;828;3345
2021-04-16;5960;3788;919;3533
2021-04-17;5936;360;973;3548
2021-04-18;5374;319;767;2960
2021-04-19;4878;3153;771;2970
2021-04-20;5218;2993;772;2972
2021-04-21;5303;2976;742;3034
2021-04-22;5204;3242;893;3243
2021-04-23;6007;3397;888;3624
2021-04-24;6068;334;928;3664
2021-04-25;4646;280;765;2993
2021-04-26;5018;2865;785;3006
2021-04-27;4750;2837;802;2979
2021-04-28;4979;2633;728;3026
2021-04-29;5470;2843;912;3308
2021-04-30;5305;3080;974;3728
2021-05-01;5716;317;974;3574
2021-05-02;4868;266;831;3014
2021-05-03;4852;2547;780;3037
2021-05-04;4879;2684;767;3060
2021-05-05;4825;2527;844;2938
2021-05-06;5108;2801;828;3380
2021-05-07;5761;2917;914;3641
2021-05-08;5378;281;945;3599
2021-05-09;4503;233;772;2943
2021-05-10;4659;2311;824;3009
2021-05-11;4707;2279;787;2978
2021-05-12;4842;2254;762;2980
2021-05-13;4830;2464;838;3218
2021-05-14;5463;2723;929;3608
2021-05-15;5285;249;918;3527
2021-05-16;4407;210;800;3034
2021-05-17;4420;2019;788;3069
2021-05-18;4292;1967;748;2940
2021-05-19;4229;2017;772;3100
2021-05-20;4732;2178;892;3329
2021-05-21;5052;2344;962;3638
2021-05-22;5183;225;987;3613
2021-05-23;4517;166;724;3320
2021-05-24;4898;2097;874;3426
2021-05-25;4898;2016;825;3294
2021-05-26;4840;1925;857;3231
2021-05-27;5137;2226;947;3658
2021-05-28;5385;2204;1044;3994
2021-05-29;5610;214;1074;3885
2021-05-30;4470;149;896;2977
2021-05-31;5246;2129;1027;4022
2021-06-01;4544;1710;855;3355
2021-06-02;4543;1685;918;3337
2021-06-03;4930;1730;977;3682
2021-06-04;5561;1893;959;4035
2021-06-05;5331;184;1056;4069
2021-06-06;4143;134;781;2969
2021-06-07;4244;1296;787;2974
2021-06-08;4126;1267;795;2988
2021-06-09;3858;1202;834;3006
2021-06-10;4565;1289;839;3349
2021-06-11;4916;1376;991;3626
2021-06-12;4835;134;893;3623
2021-06-13;3839;105;752;3068
2021-06-14;4002;1024;771;3014
2021-06-15;4031;951;793;2984
2021-06-16;4108;957;784;3004
2021-06-17;4481;1020;869;3287
2021-06-18;4784;1070;921;3604
2021-06-19;4875;111;954;3567
2021-06-20;4126;89;793;2953
2021-06-21;4305;808;806;3075
2021-06-22;4235;804;818;3075
2021-06-23;4153;763;797;3017
2021-06-24;4760;798;879;3339
2021-06-25;5125;868;913;3588
2021-06-26;5051;82;975;3680
2021-06-27;4288;64;829;2970
2021-06-28;4024;607;765;3072
2021-06-29;4093;581;806;3041
2021-06-30;4035;534;816;3040
2021-07-01;4296;527;888;3445
2021-07-02;4994;667;1002;3734
2021-07-03;4817;61;957;3624
2021-07-04;4279;55;779;3040
2021-07-05;4291;555;819;3048
2021-07-06;4535;578;839;3054
2021-07-07;3996;568;784;3036
2021-07-08;4773;674;870;3360
2021-07-09;5055;724;941;3751
2021-07-10;5118;77;968;3595
2021-07-11;4071;63;794;3021
2021-07-12;3888;661;839;3077
2021-07-13;4339;693;787;3127
2021-07-14;4280;692;824;3040
2021-07-15;4752;808;848;3409
2021-07-16;5175;890;964;3710
2021-07-17;5331;92;921;3675
2021-07-18;4670;85;908;3379
2021-07-19;4556;883;892;3327
2021-07-20;4661;903;870;3350
2021-07-21;4374;912;859;3286
2021-07-22;4729;998;970;3679
2021-07-23;5603;1075;1147;4038
2021-07-24;5628;118;1087;4060
2021-07-25;4659;100;886;3356
2021-07-26;4932;1011;880;3339
2021-07-27;4632;1011;901;3310
2021-07-28;4747;1079;916;3315
2021-07-29;5179;1200;971;3760
2021-07-30;5281;1387;1040;4096
2021-07-31;5538;144;1111;4037
2021-08-01;4221;109;826;3063
2021-08-02;3964;1061;814;2992
2021-08-03;4096;1063;898;3099
2021-08-04;4353;1075;832;3032
2021-08-05;4218;1265;931;3436
2021-08-06;5262;1389;986;3619
2021-08-07;5198;138;1006;3648
2021-08-08;4519;122;785;3081
2021-08-09;4332;1270;825;2976
2021-08-10;4067;1219;851;3044
2021-08-11;4199;1266;844;3054
2021-08-12;4568;1378;899;3382
2021-08-13;4777;1600;983;3707
2021-08-14;5037;153;1070;3687
2021-08-15;4014;130;794;3111
2021-08-16;4239;1390;853;3056
2021-08-17;4291;1428;772;3159
2021-08-18;4282;1464;825;3114
2021-08-19;4805;1595;960;3447
2021-08-20;5140;1668;992;3613
2021-08-21;5212;180;894;3757
2021-08-22;4906;164;895;3390
2021-08-23;4621;1678;885;3460
2021-08-24;4590;1703;838;3408
2021-08-25;4540;1704;912;3362
2021-08-26;5006;1940;1040;3753
2021-08-27;5265;2070;1062;4089
2021-08-28;5898;216;1109;4024
2021-08-29;4569;184;946;3362
2021-08-30;4932;1829;932;3422
2021-08-31;4680;1853;877;3407
2021-09-01;4501;1823;898;3405
2021-09-02;4823;1999;1034;3805
2021-09-03;5647;2142;1102;4068
2021-09-04;5447;216;1112;3966
2021-09-05;4266;154;898;3055
2021-09-06;4133;1663;860;3150
2021-09-07;4402;1540;783;3106
2021-09-08;3997;1491;820;3144
2021-09-09;4556;1710;905;3435
2021-09-10;5108;1800;967;3636
2021-09-11;4816;180;968;3650
2021-09-12;4260;148;872;3076
2021-09-13;4532;1423;840;3080
2021-09-14;3856;1345;815;3099
2021-09-15;3940;1369;864;3166
2021-09-16;4707;1555;963;3461
2021-09-17;5258;1593;1015;3715
2021-09-18;5122;150;1049;3643
2021-09-19;4303;131;866;3060
2021-09-20;4064;1255;820;3046
2021-09-21;4294;1278;883;2997
2021-09-22;4348;1292;869;3054
2021-09-23;4539;1526;917;3452
2021-09-24;5116;1591;1008;3677
2021-09-25;4926;156;1012;3766
2021-09-26;4402;137;834;3137
2021-09-27;4284;1371;795;3178
2021-09-28;4107;1396;828;3121
2021-09-29;4501;1406;831;3074
2021-09-30;4694;1541;904;3520
2021-10-01;5017;1568;994;3687
2021-10-02;4769;163;1003;3806
2021-10-03;4200;146;859;3116
2021-10-04;4252;1472;831;3149
2021-10-05;4401;1461;827;3196
2021-10-06;4285;1407;845;3153
2021-10-07;4835;1517;975;3382
2021-10-08;5414;1865;1047;3724
2021-10-09;5352;179;1014;3760
2021-10-10;4273;160;815;3160
2021-10-11;4314;1597;879;3053
2021-10-12;3927;1552;854;3145
2021-10-13;4277;1582;875;3092
2021-10-14;4631;1829;918;3489
2021-10-15;5096;1963;1059;3777
2021-10-16;5292;198;1036;3728
2021-10-17;4115;165;844;3120
2021-10-18;4240;1669;946;3216
2021-10-19;4530;1695;834;3082
2021-10-20;4045;1694;844;3217
2021-10-21;4888;1887;954;3462
2021-10-22;5090;2037;1010;3793
2021-10-23;5043;198;1066;3768
2021-10-24;3747;171;802;3164
2021-10-25;4112;1674;809;3145
2021-10-26;4252;1639;855;3154
2021-10-27;4219;1629;817;3208
2021-10-28;5009;1730;989;3462
2021-10-29;4982;1967;1010;3788
2021-10-30;4992;197;1088;3752
2021-10-31;4257;155;858;3090
2021-11-01;4457;1630;843;3234
2021-11-02;4405;1633;857;3199
2021-11-03;4008;1609;887;3230
2021-11-04;4612;1679;991;3598
2021-11-05;5266;1951;1063;3848
2021-11-06;5056;175;1063;4018
2021-11-07;4377;157;865;3255
2021-11-08;4287;1557;860;3305
2021-11-09;4016;1434;904;3328
2021-11-10;4323;1464;887;3407
2021-11-11;5017;1564;988;3681
2021-11-12;5062;1766;1147;4002
2021-11-13;4793;175;1074;4139
2021-11-14;4006;143;904;3465
2021-11-15;4474;1420;972;3394
2021-11-16;4276;1310;924;3407
2021-11-17;3997;1340;930;3397
2021-11-18;4818;1453;1018;3789
2021-11-19;4831;1602;1076;4133
2021-11-20;5336;163;1084;4175
2021-11-21;4055;137;961;3530
2021-11-22;4186;1271;988;3571
2021-11-23;4048;1291;963;3468
2021-11-24;4402;1219;954;3522
2021-11-25;4653;1316;1124;3853
2021-11-26;5182;1369;1163;4287
2021-11-27;5439;143;1149;4253
2021-11-28;4097;119;994;3689
2021-11-29;4166;1101;977;3683
2021-11-30;4171;1136;959;3563
2021-12-01;4060;1158;1002;3669
2021-12-02;4639;1230;1048;4000
2021-12-03;4933;1343;1184;4354
2021-12-04;5150;132;1153;4406
2021-12-05;4475;107;972;3693
2021-12-06;4538;1099;1041;3637
2021-12-07;4327;1099;1041;3685
2021-12-08;4293;1047;1021;3621
2021-12-09;4646;1168;1085;3996
2021-12-10;5192;1202;1194;4411
2021-12-11;4799;126;1183;4398
2021-12-12;4510;100;989;3736
2021-12-13;4335;1013;977;3701
2021-12-14;4244;980;1012;3655
2021-12-15;4311;1004;1039;3753
2021-12-16;5040;1093;1035;3928
2021-12-17;4878;1174;1174;4410
2021-12-18;4942;113;1222;4392
2021-12-19;4319;97;982;3587
2021-12-20;4378;925;1008;3647
2021-12-21;4172;898;1037;3660
2021-12-22;4288;879;1038;3687
2021-12-23;5160;962;1121;3971
2021-12-24;5262;108;1230;4323
2021-12-25;5129;103;1217;4384
2021-12-26;4185;59;980;3658
2021-12-27;4195;601;1010;3572
2021-12-28;4367;577;1033;3651
2021-12-29;3861;587;1023;3659
2021-12-30;4551;667;1154;3955
2021-12-31;5230;75;1227;4407
2022-01-01;4682;74;1124;4420
2022-01-02;4389;60;1020;3597
2022-01-03;4510;619;923;3526
2022-01-04;4338;631;943;3570
2022-01-05;4277;632;945;3540
2022-01-06;4681;694;1053;3857
2022-01-07;5442;784;1181;4229
2022-01-08;5245;79;1184;4199
2022-01-09;4219;67;938;3549
2022-01-10;4332;669;961;3383
2022-01-11;4137;665;969;3479
2022-01-12;4442;701;989;3427
2022-01-13;4482;744;1040;3821
2022-01-14;5234;849;1072;4058
2022-01-15;5678;87;1100;4207
2022-01-16;4172;73;886;3270
2022-01-17;4162;740;895;3426
2022-01-18;4259;720;888;3303
2022-01-19;4039;727;927;3391
2022-01-20;4771;853;1053;3673
2022-01-21;5255;908;1101;3941
2022-01-22;5136;94;1054;3976
2022-01-23;4137;78;928;3275
2022-01-24;4051;834;873;3269
2022-01-25;4524;801;931;3275
2022-01-26;4378;800;870;3205
2022-01-27;4707;857;1044;3479
2022-01-28;5072;1006;1069;3814
2022-01-29;4898;97;1085;3890
2022-01-30;4517;83;925;3198
2022-01-31;4480;876;884;3275
2022-02-01;4303;872;843;3270
2022-02-02;4232;875;896;3151
2022-02-03;4712;972;960;3468
2022-02-04;5125;1097;1047;3757
2022-02-05;4995;112;1070;3942
2022-02-06;4497;101;892;3190
2022-02-07;4673;1040;854;3277
2022-02-08;4392;1068;868;3226
2022-02-09;4132;1136;866;3306
2022-02-10;4759;1245;974;3540
2022-02-11;5071;1383;1050;3847
2022-02-12;5289;148;1030;3826
2022-02-13;4256;124;896;3213
2022-02-14;4412;1266;922;3280
2022-02-15;4342;1246;896;3181
2022-02-16;4340;1381;961;3223
2022-02-17;4975;1523;960;3590
2022-02-18;5422;1735;1069;3923
2022-02-19;5043;174;1082;3906
2022-02-20;4346;154;894;3192
2022-02-21;4167;1590;935;3263
2022-02-22;4472;1723;898;3227
2022-02-23;4204;1650;936;3224
2022-02-24;4662;1847;992;3666
2022-02-25;5029;2119;1116;3863
2022-02-26;5185;215;1127;3922
2022-02-27;4283;192;940;3246
2022-02-28;4028;1920;923;3185
2022-03-01;4866;1930;909;3229
2022-03-02;4233;1945;899;3323
2022-03-03;5023;2158;986;3551
2022-03-04;5473;2367;1068;3878
2022-03-05;5465;253;1114;3899
2022-03-06;4538;203;915;3216
2022-03-07;4640;2016;887;3309
2022-03-08;4536;2143;911;3198
2022-03-09;4581;2201;972;3260
2022-03-10;5200;2467;1009;3570
2022-03-11;6000;2698;1137;3875
2022-03-12;5828;279;1167;3891
2022-03-13;4891;239;925;3217
2022-03-14;4745;2372;893;3211
2022-03-15;4841;2338;924;3359
2022-03-16;4549;2546;951;3280
2022-03-17;5541;2666;1037;3631
2022-03-18;5942;3184;1088;3986
2022-03-19;5843;313;1111;3997
2022-03-20;4635;267;955;3346
2022-03-21;4772;2573;890;3280
2022-03-22;5056;2700;905;3350
2022-03-23;4824;2770;975;3402
2022-03-24;5621;3101;1003;3662
2022-03-25;6101;3398;1016;3970
2022-03-26;5919;334;1071;3947
2022-03-27;5711;324;1023;3583
2022-03-28;5549;3177;1036;3713
2022-03-29;5750;3269;1024;3680
2022-03-30;5910;3359;1024;3605
2022-03-31;5964;3647;1143;4003
2022-04-01;6780;4017;1222;4281
2022-04-02;6995;407;1196;4455
2022-04-03;5095;319;956;3346
2022-04-04;5038;3090;951;3272
2022-04-05;5137;3117;938;3354
2022-04-06;5445;3454;909;3320
2022-04-07;6024;3711;1049;3636
2022-04-08;6334;4127;1101;3968
2022-04-09;6105;432;1155;4060
2022-04-10;4981;366;883;3349
2022-04-11;5263;3649;941;3299
2022-04-12;5177;3694;932;3304
2022-04-13;5105;3658;940;3317
2022-04-14;5843;4201;1035;3716
2022-04-15;6540;4541;1145;3935
2022-04-16;6108;456;1109;4053
2022-04-17;5248;371;879;3394
2022-04-18;5453;3860;943;3420
2022-04-19;4910;3940;993;3351
2022-04-20;5346;3994;998;3417
2022-04-21;5765;4401;1084;3606
2022-04-22;5853;4785;1237;3997
2022-04-23;6224;465;1239;4062
2022-04-24;5163;416;988;3428
2022-04-25;5350;4332;1020;3393
2022-04-26;5511;4128;972;3381
2022-04-27;5033;4429;1043;3423
2022-04-28;6072;4781;1093;3738
2022-04-29;6598;5268;1199;4075
2022-04-30;6213;509;1184;4069
2022-05-01;5455;446;1017;3335
2022-05-02;5075;4662;1026;3450
2022-05-03;5306;4570;1022;3387
2022-05-04;5309;4706;1003;3466
2022-05-05;5435;5145;1081;3757
2022-05-06;6099;5545;1231;4096
2022-05-07;6171;568;1147;3960
2022-05-08;5136;471;1001;3374
2022-05-09;5235;4690;1026;3434
2022-05-10;4844;4933;1011;3436
2022-05-11;4978;5039;1037;3373
2022-05-12;5710;5130;1143;3718
2022-05-13;5992;5819;1196;4171
2022-05-14;5810;555;1213;4062
2022-05-15;4794;497;1030;3425
2022-05-16;4933;5172;1021;3404
2022-05-17;4980;5145;1023;3482
2022-05-18;4859;5108;1048;3525
2022-05-19;5174;5746;1156;3746
2022-05-20;6056;5949;1178;4106
2022-05-21;5662;621;1212;4102
2022-05-22;5275;600;1136;3788
2022-05-23;5388;5931;1097;3767
2022-05-24;5323;5927;1109;3726
2022-05-25;5137;6159;1206;3807
2022-05-26;5414;6513;1229;4203
2022-05-27;6126;7219;1339;4521
2022-05-28;5801;723;1359;4532
2022-05-29;5188;630;1117;3754
2022-05-30;4726;6352;1139;3766
2022-05-31;5881;7690;1359;4579
2022-06-01;4654;6210;1130;3751
2022-06-02;5255;6645;1265;4185
2022-06-03;5932;7543;1362;4486
2022-06-04;6132;788;1376;4508
2022-06-05;4668;587;1044;3498
2022-06-06;4396;6090;1026;3544
2022-06-07;4481;6122;1080;3459
2022-06-08;4429;5933;1054;3347
2022-06-09;4956;6373;1122;3668
2022-06-10;5058;7373;1229;4133
2022-06-11;5184;734;1187;4151
2022-06-12;4412;616;1061;3519
2022-06-13;4748;6233;1065;3461
2022-06-14;4449;6210;1036;3523
2022-06-15;4736;6429;1106;3449
2022-06-16;4769;7018;1165;3774
2022-06-17;5188;7674;1234;4102
2022-06-18;5582;779;1309;4126
2022-06-19;4515;635;1049;3444
2022-06-20;4576;6343;1027;3593
2022-06-21;4510;6296;1082;3531
2022-06-22;4551;6965;1006;3537
2022-06-23;4981;7067;1159;3844
2022-06-24;5512;7899;1229;4205
2022-06-25;5432;847;1250;4155
2022-06-26;4337;652;1025;3427
2022-06-27;4580;7004;1033;3351
2022-06-28;4438;6862;1018;3411
2022-06-29;4553;6762;1039;3499
2022-06-30;4949;7551;1107;3864
2022-07-01;5451;8461;1223;4161
2022-07-02;5697;829;1210;4228
2022-07-03;4718;691;1054;3471
2022-07-04;4833;6933;1079;3543
2022-07-05;4645;6893;1118;3445
2022-07-06;4658;7104;1028;3456
2022-07-07;5164;7835;1137;3937
2022-07-08;5746;8205;1209;4226
2022-07-09;5523;882;1269;4124
2022-07-10;4613;716;1045;3474
2022-07-11;4338;7722;1011;3501
2022-07-12;4642;7323;1057;3445
2022-07-13;4522;7693;1090;3560
2022-07-14;4994;8822;1122;3775
2022-07-15;5205;9638;1238;4169
2022-07-16;5577;938;1239;4195
2022-07-17;4907;846;1179;3932
2022-07-18;5166;9045;1202;3864
2022-07-19;5399;8823;1114;3835
2022-07-20;5115;9151;1172;3837
2022-07-21;5659;10024;1233;4226
2022-07-22;6227;10766;1358;4583
2022-07-23;6133;1145;1305;4609
2022-07-24;5358;933;1154;3897
2022-07-25;5229;9804;1187;3918
2022-07-26;5352;9609;1108;3883
2022-07-27;5241;10223;1088;3815
2022-07-28;5515;11495;1295;4171
2022-07-29;6202;12549;1431;4720
2022-07-30;6221;1349;1325;4584
2022-07-31;4314;997;1024;3483
2022-08-01;4884;9970;1032;3499
2022-08-02;4844;9913;1086;3543
2022-08-03;4850;10512;1065;3552
2022-08-04;5122;11355;1116;3884
2022-08-05;5818;12768;1223;4192
2022-08-06;5693;1297;1204;4272
2022-08-07;4656;1113;1037;3542
2022-08-08;4550;10656;1060;3575
2022-08-09;4953;11522;1051;3555
2022-08-10;4741;11142;1050;3481
2022-08-11;5253;12446;1101;3798
2022-08-12;5354;13725;1298;4220
2022-08-13;5540;1388;1211;4155
2022-08-14;4727;1208;1077;3497
2022-08-15;4526;11887;1065;3551
2022-08-16;4961;11861;1070;3525
2022-08-17;4884;11716;1025;3506
2022-08-18;5409;13087;1199;3914
2022-08-19;5238;14553;1247;4171
2022-08-20;5441;1484;1173;4260
2022-08-21;5306;1341;1109;3893
2022-08-22;4840;13790;1154;3850
2022-08-23;5076;13846;1152;3886
2022-08-24;5010;13911;1159;3930
2022-08-25;5573;15325;1246;4209
2022-08-26;6159;15739;1282;4540
2022-08-27;6073;1689;1418;4611
2022-08-28;5222;1432;1168;3877
2022-08-29;5225;14244;1123;3852
2022-08-30;4901;14599;1122;3924
2022-08-31;5267;13690;1173;3956
2022-09-01;5768;15634;1291;4231
2022-09-02;6205;16233;1325;4668
2022-09-03;6485;1676;1387;4579
2022-09-04;4758;1278;1039;3493
2022-09-05;4524;12130;1065;3617
2022-09-06;4663;12701;1078;3557
2022-09-07;4929;12524;1074;3539
2022-09-08;5162;13941;1205;3847
2022-09-09;5794;14666;1292;4245
2022-09-10;5627;1491;1235;4228
2022-09-11;4786;1225;1073;3609
2022-09-12;4904;12434;1039;3514
2022-09-13;4821;12647;1083;3565
2022-09-14;4873;12443;1024;3547
2022-09-15;5245;13757;1166;3878
2022-09-16;5821;14852;1272;4262
2022-09-17;5712;1443;1247;4233
2022-09-18;5021;1232;1093;3454
2022-09-19;4954;11811;1059;3602
2022-09-20;4826;11939;1056;3603
2022-09-21;4788;12195;1085;3617
2022-09-22;5315;13130;1215;3928
2022-09-23;5685;14078;1259;4192
2022-09-24;6061;1430;1262;4285
2022-09-25;4807;1146;1072;3507
2022-09-26;4673;11135;1060;3481
2022-09-27;5040;12174;1093;3590
2022-09-28;4877;11649;1021;3575
2022-09-29;5446;13040;1144;3921
2022-09-30;5761;14114;1251;4341
2022-10-01;5748;1412;1256;4327
2022-10-02;4830;1144;1066;3613
2022-10-03;4935;11692;1081;3506
2022-10-04;4875;11397;1010;3558
2022-10-05;4728;11370;1071;3611
2022-10-06;5222;12533;1200;3967
2022-10-07;5751;13780;1214;4236
2022-10-08;5548;1326;1236;4236
2022-10-09;4801;1142;1064;3548
2022-10-10;4613;10944;1090;3550
2022-10-11;4723;11683;1058;3557
2022-10-12;4813;11318;1058;3582
2022-10-13;5185;12290;1179;3861
2022-10-14;5480;13812;1310;4331
2022-10-15;6121;1289;1283;4283
2022-10-16;4854;1079;1130;3554
2022-10-17;4770;11042;1043;3563
2022-10-18;5047;11169;1040;3621
2022-10-19;4602;11075;1092;3588
2022-10-20;5321;12726;1190;3859
2022-10-21;5925;13271;1294;4242
2022-10-22;5755;1288;1214;4206
2022-10-23;4782;1076;1097;3626
2022-10-24;4789;10901;1033;3582
2022-10-25;4803;10619;1067;3677
2022-10-26;5072;11109;1087;3695
2022-10-27;5198;11617;1204;4003
2022-10-28;5698;12507;1306;4239
2022-10-29;5525;1238;1297;4386
2022-10-30;4885;1069;1040;3659
2022-10-31;4902;10626;1074;3751
2022-11-01;4736;10323;1121;3604
2022-11-02;4824;10463;1094;3754
2022-11-03;5427;11466;1233;4055
2022-11-04;5580;12755;1307;4452
2022-11-05;5899;1290;1365;4438
2022-11-06;4875;1078;1122;3777
2022-11-07;4690;10606;1171;3751
2022-11-08;4935;10979;1112;3786
2022-11-09;4870;10890;1148;3816
2022-11-10;5091;11768;1227;4198
2022-11-11;5819;12581;1320;4581
2022-11-12;5383;1280;1392;4767
2022-11-13;4805;1028;1157;3966
2022-11-14;4974;10395;1120;3974
2022-11-15;4851;10562;1140;3981
2022-11-16;4949;10599;1167;4031
2022-11-17;5152;12141;1253;4475
2022-11-18;6125;12758;1332;4825
2022-11-19;5846;1328;1363;4834
2022-11-20;4682;1053;1164;4115
2022-11-21;4809;10937;1202;4103
2022-11-22;4871;10648;1239;4046
2022-11-23;4915;11001;1197;4144
2022-11-24;5509;11614;1284;4581
2022-11-25;5883;13011;1428;5018
2022-11-26;5608;1311;1449;5118
2022-11-27;4964;1043;1194;4258
2022-11-28;4762;10392;1264;4224
2022-11-29;5274;10796;1245;4219
2022-11-30;4749;10224;1269;4299
2022-12-01;5052;11823;1343;4701
2022-12-02;5843;12602;1460;5147
2022-12-03;5797;1268;1464;5049
2022-12-04;5111;1041;1214;4359
2022-12-05;4897;10664;1185;4325
2022-12-06;5113;10147;1319;4245
2022-12-07;4775;10136;1312;4307
2022-12-08;5450;11582;1401;4686
2022-12-09;5871;12164;1463;5091
2022-12-10;5797;1196;1472;5142
2022-12-11;4655;979;1258;4252
2022-12-12;4766;10411;1187;4252
2022-12-13;4906;10279;1262;4324
2022-12-14;5179;10045;1231;4285
2022-12-15;5629;10990;1345;4807
2022-12-16;5676;12073;1464;5020
2022-12-17;6010;1194;1477;4966
2022-12-18;4988;972;1304;4317
2022-12-19;4822;9856;1207;4291
2022-12-20;4574;10121;1263;4296
2022-12-21;4625;10000;1250;4331
2022-12-22;5349;10485;1340;4691
2022-12-23;5497;11259;1472;5046
2022-12-24;5690;1141;1487;5106
2022-12-25;4969;927;1165;4359
2022-12-26;5058;957;1228;4269
2022-12-27;4866;9351;1237;4322
2022-12-28;4826;9316;1202;4356
2022-12-29;5445;10159;1336;4688
2022-12-30;5701;11116;1499;5062
2022-12-31;5845;1092;1433;5113
2023-01-01;4842;929;1255;4168
2023-01-02;5130;8907;1280;4206
2023-01-03;4934;8799;1201;4192
2023-01-04;4882;8923;1211;4226
2023-01-05;5449;9639;1327;4624
2023-01-06;5735;9968;1384;4876
2023-01-07;5953;1000;1437;4933
2023-01-08;4888;825;1193;4138
2023-01-09;4878;8415;1170;4008
2023-01-10;5280;8469;1171;4058
2023-01-11;5019;8308;1192;4098
2023-01-12;5130;8863;1279;4446
2023-01-13;5786;9583;1381;4816
2023-01-14;6104;956;1332;4647
2023-01-15;4797;818;1121;4017
2023-01-16;5120;7992;1172;4060
2023-01-17;4925;7829;1144;4036
2023-01-18;4806;7758;1165;3926
2023-01-19;5185;8348;1248;4330
2023-01-20;5660;9102;1361;4741
2023-01-21;5644;924;1292;4630
2023-01-22;4997;741;1139;3971
2023-01-23;4800;7509;1096;3855
2023-01-24;4975;7482;1093;3940
2023-01-25;5072;7198;1111;3864
2023-01-26;5301;7745;1201;4224
2023-01-27;5731;8515;1250;4560
2023-01-28;5848;831;1249;4475
2023-01-29;5179;697;1107;3821
2023-01-30;5177;6919;1082;3785
2023-01-31;5076;6809;1103;3849
2023-02-01;5276;6991;1107;3746
2023-02-02;5230;7205;1243;4182
2023-02-03;5781;8173;1286;4507
2023-02-04;5632;800;1298;4617
2023-02-05;4792;677;1158;3816
2023-02-06;4806;6686;1046;3844
2023-02-07;5069;6723;1061;3823
2023-02-08;4865;6781;1060;3817
2023-02-09;5367;7320;1278;4147
2023-02-10;5819;7699;1282;4501
2023-02-11;5735;800;1406;4539
2023-02-12;4669;665;1065;3876
2023-02-13;4786;6597;1104;3775
2023-02-14;4747;6615;1104;3837
2023-02-15;4885;6440;1044;3813
2023-02-16;5448;6866;1163;4166
2023-02-17;5931;7600;1303;4577
2023-02-18;5726;769;1312;4579
2023-02-19;4903;622;1086;3864
2023-02-20;4908;6390;1109;3889
2023-02-21;4715;6205;1031;3926
2023-02-22;4999;5969;1101;3842
2023-02-23;5507;6429;1181;4264
2023-02-24;5988;7055;1307;4654
2023-02-25;5681;690;1366;4621
2023-02-26;4769;554;1075;3843
2023-02-27;5096;6010;1103;3875
2023-02-28;5071;5883;1106;3845
2023-03-01;5278;5751;1091;3857
2023-03-02;5650;6406;1173;4228
2023-03-03;5913;6700;1293;4464
2023-03-04;6012;670;1285;4494
2023-03-05;5128;561;1095;3885
2023-03-06;5097;5617;1169;3854
2023-03-07;5047;5400;1063;3829
2023-03-08;5013;5377;1139;3850
2023-03-09;5744;6003;1193;4142
2023-03-10;6234;6404;1367;4565
2023-03-11;6409;609;1314;4575
2023-03-12;5093;532;1112;3837
2023-03-13;5177;5256;1102;3946
2023-03-14;5192;5243;1156;3936
2023-03-15;5525;5070;1108;3903
2023-03-16;5830;5579;1223;4234
2023-03-17;6676;5895;1359;4542
2023-03-18;6837;618;1373;4585
2023-03-19;5491;514;1138;3867
2023-03-20;5370;5059;1136;3781
2023-03-21;5525;4845;1091;3853
2023-03-22;5741;4742;1144;3861
2023-03-23;6018;5272;1240;4231
2023-03-24;6334;5684;1339;4602
2023-03-25;6763;584;1314;4596
2023-03-26;6436;545;1199;4259
2023-03-27;6522;5135;1242;4255
2023-03-28;6280;5137;1152;4175
2023-03-29;6366;5169;1219;4194
2023-03-30;6783;5420;1314;4618
2023-03-31;7876;5943;1492;4907
2023-04-01;7743;592;1461;5054
2023-04-02;6155;450;1127;3880
2023-04-03;5807;4345;1127;3862
2023-04-04;5698;4332;1106;3905
2023-04-05;5933;4362;1101;3913
2023-04-06;6555;4588;1221;4244
2023-04-07;7295;5261;1288;4598
2023-04-08;6757;500;1270;4511
2023-04-09;6295;447;1144;3851
2023-04-10;5885;4394;1134;3876
2023-04-11;5817;4461;1089;3851
2023-04-12;5877;4673;1042;3806
2023-04-13;6428;5124;1165;4281
2023-04-14;6755;6055;1319;4520
2023-04-15;7306;624;1301;4475
2023-04-16;5803;520;1157;3788
2023-04-17;6175;5511;1070;3919
2023-04-18;5944;5699;1145;3868
2023-04-19;5681;5680;1083;3853
2023-04-20;6008;6324;1194;4076
2023-04-21;6960;7137;1365;4690
2023-04-22;7453;737;1316;4605
2023-04-23;5850;620;1093;3845
2023-04-24;5685;6381;1083;3836
2023-04-25;5940;6290;1104;3972
2023-04-26;6143;6299;1138;3826
2023-04-27;6381;7353;1200;4170
2023-04-28;7018;7932;1381;4723
2023-04-29;6930;793;1315;4553
2023-04-30;5905;690;1075;3836
2023-05-01;5893;7013;1158;3951
2023-05-02;5697;7052;1174;3847
2023-05-03;6049;7353;1121;3866
2023-05-04;6191;7773;1196;4294
2023-05-05;6727;8545;1268;4547
2023-05-06;6657;906;1340;4566
2023-05-07;5854;776;1065;3839
2023-05-08;5756;7951;1139;3800
2023-05-09;5758;7971;1111;3788
2023-05-10;5631;8080;1104;3807
2023-05-11;6344;8731;1217;4136
2023-05-12;6634;10064;1324;4558
2023-05-13;6387;986;1406;4614
2023-05-14;5645;869;1132;3796
2023-05-15;5452;8851;1127;3903
2023-05-16;5560;8461;1073;3815
2023-05-17;5574;8609;1123;3841
2023-05-18;5735;9032;1209;4174
2023-05-19;6399;9546;1358;4541
2023-05-20;6521;951;1382;4575
2023-05-21;5820;846;1219;4206
2023-05-22;5634;8377;1251;4117
2023-05-23;5737;8071;1241;4224
2023-05-24;4664;7120;952;3579
2023-05-25;6254;8683;1354;4596
2023-05-26;6715;9853;1479;4960
2023-05-27;6909;926;1483;5036
2023-05-28;5377;786;1205;4216
2023-05-29;5557;7704;1190;4305
2023-05-30;5411;7528;1192;4202
2023-05-31;6514;8926;1466;4975
2023-06-01;5914;7785;1392;4607
2023-06-02;6333;8695;1374;4957
2023-06-03;6462;879;1460;5036
2023-06-04;4999;630;1112;3921
2023-06-05;4779;6139;1170;3780
2023-06-06;4766;6050;1106;3829
2023-06-07;4850;5950;1140;3786
2023-06-08;5238;6533;1206;4145
2023-06-09;5603;6869;1291;4600
2023-06-10;5747;675;1234;4532
2023-06-11;5025;559;1093;3869
2023-06-12;4948;5455;1038;3816
2023-06-13;5022;5225;1056;3771
2023-06-14;4792;5046;1043;3866
2023-06-15;5499;5249;1144;4140
2023-06-16;5718;5726;1322;4648
2023-06-17;6081;563;1292;4516
2023-06-18;4738;423;1035;3844
2023-06-19;4923;4142;1019;3834
2023-06-20;4899;3972;1020;3820
2023-06-21;5025;3788;1016;3806
2023-06-22;5296;4159;1161;4187
2023-06-23;5590;4124;1336;4518
2023-06-24;5552;400;1244;4659
2023-06-25;5031;301;1029;3915
2023-06-26;5041;2952;1038;3870
2023-06-27;5116;2895;1072;3807
2023-06-28;4709;3161;1057;3786
2023-06-29;5362;3579;1116;4266
2023-06-30;5597;3874;1216;4612
2023-07-01;5751;423;1293;4540
2023-07-02;5255;369;1070;3873
2023-07-03;5212;3856;1027;3872
2023-07-04;5114;4122;1042;3805
2023-07-05;5066;4291;998;3874
2023-07-06;5635;4818;1167;4266
2023-07-07;6092;5216;1314;4566
2023-07-08;6216;510;1257;4617
2023-07-09;5059;458;1006;3951
2023-07-10;5303;4581;1061;3877
2023-07-11;5111;4725;1036;3905
2023-07-12;5053;4672;1108;3871
2023-07-13;5476;5225;1217;4232
2023-07-14;6355;6062;1262;4511
2023-07-15;6219;639;1272;4563
2023-07-16;5608;579;1193;4295
2023-07-17;5714;5965;1178;4214
2023-07-18;5785;6420;1144;4221
2023-07-19;5485;6446;1205;4270
2023-07-20;6022;7352;1291;4601
2023-07-21;6705;8276;1413;4980
2023-07-22;6652;849;1360;5009
2023-07-23;5374;748;1139;4260
2023-07-24;5634;7351;1168;4204
2023-07-25;5477;7368;1172;4288
2023-07-26;5271;7516;1179;4267
2023-07-27;6067;8380;1299;4576
2023-07-28;6679;9099;1445;5082
2023-07-29;6723;904;1402;5048
2023-07-30;5208;744;1062;3940
2023-07-31;5126;7417;1100;3901
2023-08-01;4934;7785;1086;3862
2023-08-02;5170;7639;1059;3904
2023-08-03;5416;8922;1172;4203
2023-08-04;6124;9652;1208;4654
2023-08-05;6282;1005;1339;4635
2023-08-06;4980;825;1074;3894
2023-08-07;5249;8478;1067;3911
2023-08-08;5144;8628;1058;3897
2023-08-09;5229;8975;1049;3913
2023-08-10;5485;9783;1167;4246
2023-08-11;6112;10204;1326;4609
2023-08-12;6221;1079;1239;4734
2023-08-13;5294;915;1076;3856
2023-08-14;5306;9135;1033;3983
2023-08-15;5004;8766;1043;3896
2023-08-16;5291;9277;1105;3930
2023-08-17;5901;9914;1192;4158
2023-08-18;5793;10827;1281;4690
2023-08-19;6197;1075;1281;4626
2023-08-20;5600;970;1198;4297
2023-08-21;5425;9863;1157;4221
2023-08-22;5821;10102;1163;4195
2023-08-23;5181;10451;1211;4266
2023-08-24;6087;10974;1294;4649
2023-08-25;6563;12402;1391;5184
2023-08-26;6881;1194;1383;5158
2023-08-27;5499;1025;1156;4316
2023-08-28;5539;10458;1186;4268
2023-08-29;5537;10150;1184;4301
2023-08-30;5436;9818;1212;4280
2023-08-31;5914;11228;1246;4716
2023-09-01;6366;11908;1369;5125
2023-09-02;6759;1239;1421;5130
2023-09-03;5097;936;1094;3971
2023-09-04;5008;9334;1081;3892
2023-09-05;5078;9446;1047;3918
2023-09-06;5040;9407;1087;3978
2023-09-07;5491;9976;1174;4324
2023-09-08;6189;11136;1300;4682
2023-09-09;6336;1139;1349;4662
2023-09-10;4999;981;1025;3878
2023-09-11;5394;9560;1057;3856
2023-09-12;4907;9627;1100;3924
2023-09-13;5226;9439;1095;3959
2023-09-14;5629;10586;1151;4362
2023-09-15;6460;11233;1292;4717
2023-09-16;5958;1122;1209;4646
2023-09-17;5413;926;1093;3924
2023-09-18;5134;9436;1100;3948
2023-09-19;4999;9629;1077;3979
2023-09-20;5556;9637;1110;3954
2023-09-21;5288;10270;1207;4420
2023-09-22;5943;11257;1267;4561
2023-09-23;6023;1158;1252;4685
2023-09-24;5057;936;1056;3913
2023-09-25;5298;9286;1071;3913
2023-09-26;4981;9539;1098;3960
2023-09-27;5091;9213;1089;3985
2023-09-28;5430;10674;1168;4305
2023-09-29;6338;11689;1265;4776
2023-09-30;6311;1168;1287;4662
2023-10-01;5406;962;1085;4064
2023-10-02;4898;9441;1078;3967
2023-10-03;5244;9830;1096;3936
2023-10-04;5447;9591;1099;3919
2023-10-05;5531;10670;1179;4305
2023-10-06;6266;11412;1323;4714
2023-10-07;5977;1168;1336;4729
2023-10-08;5222;965;1060;3906
2023-10-09;5240;9746;1112;3992
2023-10-10;5021;9752;1069;3921
2023-10-11;5025;9198;1045;3935
2023-10-12;5418;10875;1146;4333
2023-10-13;6099;11809;1284;4683
2023-10-14;6195;1123;1338;4673
2023-10-15;5454;954;1068;3968
2023-10-16;4878;9754;1063;4034
2023-10-17;5062;9791;1076;3962
2023-10-18;5238;9518;1072;3945
2023-10-19;5603;10473;1210;4352
2023-10-20;6153;11636;1319;4725
2023-10-21;5954;1194;1317;4700
2023-10-22;5270;994;1098;4030
2023-10-23;5157;9475;1075;3984
2023-10-24;5083;9582;1092;3996
2023-10-25;5031;9334;1088;4003
2023-10-26;5832;10363;1251;4358
2023-10-27;6112;11703;1299;4705
2023-10-28;6506;1162;1301;4729
2023-10-29;5275;955;1141;3980
2023-10-30;4995;9574;1088;4012
2023-10-31;5246;9370;1120;3918
2023-11-01;5061;9612;1131;4013
2023-11-02;5286;11173;1213;4367
2023-11-03;6248;11519;1289;4891
2023-11-04;6432;1169;1390;4712
2023-11-05;5268;984;1128;4028
2023-11-06;4820;9949;1118;4073
2023-11-07;4936;10242;1133;4104
2023-11-08;5035;10323;1119;4154
2023-11-09;5613;10751;1238;4521
2023-11-10;6346;12055;1363;5003
2023-11-11;6253;1177;1390;4875
2023-11-12;5254;985;1164;4186
2023-11-13;4959;10434;1175;4213
2023-11-14;5506;10071;1169;4287
2023-11-15;5301;10293;1099;4307
2023-11-16;5454;11393;1279;4761
2023-11-17;6147;11896;1410;5113
2023-11-18;6045;1261;1457;5103
2023-11-19;5317;1049;1216;4348
2023-11-20;5370;10798;1186;4315
2023-11-21;5542;10478;1181;4428
2023-11-22;5260;10238;1243;4382
2023-11-23;5611;11739;1357;4822
2023-11-24;6198;13424;1521;5269
2023-11-25;6290;1293;1520;5226
2023-11-26;5265;1048;1254;4566
2023-11-27;5023;10522;1244;4518
2023-11-28;5216;10589;1259;4539
2023-11-29;5038;11057;1276;4523
2023-11-30;5577;11966;1368;4984
2023-12-01;5978;13152;1475;5444
2023-12-02;6111;1261;1502;5333
2023-12-03;5259;1108;1280;4578
2023-12-04;5147;10785;1249;4529
2023-12-05;5287;10863;1308;4514
2023-12-06;5369;10906;1248;4595
2023-12-07;5675;12148;1436;5010
2023-12-08;6352;12991;1505;5377
2023-12-09;6621;1284;1507;5536
2023-12-10;5204;1082;1312;4486
2023-12-11;5070;11030;1263;4540
2023-12-12;5217;10875;1275;4550
2023-12-13;5383;10942;1275;4684
2023-12-14;5706;11902;1423;5131
2023-12-15;6508;12556;1507;5420
2023-12-16;6249;1306;1519;5512
2023-12-17;5289;1070;1279;4599
2023-12-18;5352;11002;1248;4596
2023-12-19;5347;10918;1275;4483
2023-12-20;5329;10998;1279;4650
2023-12-21;5872;11499;1374;5041
2023-12-22;6534;13065;1541;5611
2023-12-23;5851;1329;1540;5467
2023-12-24;5593;1074;1288;4507
2023-12-25;5330;1064;1287;4608
2023-12-26;5053;1060;1265;4540
2023-12-27;5052;10588;1287;4602
2023-12-28;5935;11799;1401;5123
2023-12-29;6244;12427;1538;5561
2023-12-30;6335;1259;1542;5498
2023-12-31;5388;1052;1262;4599
2024-01-01;5450;10594;1272;4509
2024-01-02;5132;10442;1346;4604
2024-01-03;5231;10591;1235;4568
2024-01-04;5844;11515;1360;4877
2024-01-05;6290;12836;1506;5272
2024-01-06;6354;1220;1488;5408
2024-01-07;5411;1003;1212;4456
2024-01-08;5330;10388;1212;4362
2024-01-09;5145;9706;1222;4390
2024-01-10;5431;10042;1153;4404
2024-01-11;6108;11006;1274;4690
2024-01-12;6105;12032;1461;5185
2024-01-13;6360;1197;1395;5104
2024-01-14;5425;987;1188;4278
2024-01-15;5235;9715;1188;4178
2024-01-16;5297;9750;1200;4324
2024-01-17;5032;9773;1162;4216
2024-01-18;5901;10708;1342;4647
2024-01-19;6313;11307;1386;4970
2024-01-20;6153;1144;1425;4977
2024-01-21;5422;948;1144;4167
2024-01-22;5083;9449;1195;4064
2024-01-23;5488;9574;1137;4184
2024-01-24;5174;9234;1169;4038
2024-01-25;5728;10389;1209;4498
2024-01-26;6392;10969;1313;4709
2024-01-27;6355;1101;1330;4780
2024-01-28;5289;913;1084;4106
2024-01-29;5275;9075;1098;3956
2024-01-30;5419;9221;1133;4012
2024-01-31;5107;9355;1101;4123
2024-02-01;5876;10191;1222;4548
2024-02-02;6702;10572;1392;4845
2024-02-03;6086;1103;1341;4809
2024-02-04;5292;895;1123;4062
2024-02-05;5496;8701;1108;4085
2024-02-06;5169;9175;1132;4025
2024-02-07;5181;9092;1123;4050
2024-02-08;5862;9835;1205;4352
2024-02-09;5986;10998;1369;4817
2024-02-10;6298;1120;1364;4779
2024-02-11;5360;936;1101;4152
2024-02-12;5195;9208;1103;4119
2024-02-13;5472;9239;1114;4041
2024-02-14;5262;8888;1143;4054
2024-02-15;5793;10130;1234;4412
2024-02-16;6437;10779;1318;4838
2024-02-17;6196;1098;1318;4858
2024-02-18;5351;882;1104;4011
2024-02-19;5365;8906;1128;4068
2024-02-20;5349;9221;1120;4108
2024-02-21;5138;8870;1154;4051
2024-02-22;5722;10074;1207;4524
2024-02-23;6264;10786;1343;4894
2024-02-24;6424;1035;1332;4836
2024-02-25;5229;906;1128;4035
2024-02-26;5064;8678;1141;4154
2024-02-27;5105;9178;1129;4101
2024-02-28;5189;8880;1166;4089
2024-02-29;5699;10024;1213;4458
2024-03-01;6315;10451;1323;4847
2024-03-02;6388;1055;1294;4844
2024-03-03;5292;911;1142;4067
2024-03-04;5780;8843;1136;4063
2024-03-05;5401;8717;1150;4136
2024-03-06;5594;8872;1111;4142
2024-03-07;6009;9931;1226;4573
2024-03-08;6677;10898;1326;4851
2024-03-09;6353;1042;1355;4883
2024-03-10;5511;900;1127;4175
2024-03-11;5572;8648;1133;4125
2024-03-12;5774;8812;1170;4027
2024-03-13;5478;8718;1129;4072
2024-03-14;5784;9864;1240;4574
2024-03-15;6873;10322;1414;4946
2024-03-16;6739;1047;1375;4917
2024-03-17;6130;877;1104;4025
2024-03-18;6073;9167;1165;4121
2024-03-19;5886;8728;1146;4127
2024-03-20;5813;8691;1097;4096
2024-03-21;6394;9731;1194;4505
2024-03-22;6949;10769;1351;4938
2024-03-23;7134;1067;1334;4861
2024-03-24;6349;992;1272;4451
2024-03-25;6623;9472;1188;4482
2024-03-26;6581;9392;1244;4491
2024-03-27;6469;9355;1294;4516
2024-03-28;7398;10422;1411;5063
2024-03-29;7992;11164;1509;5435
2024-03-30;8196;1147;1552;5385
2024-03-31;6372;859;1156;4224
2024-04-01;6597;8846;1118;4114
2024-04-02;6370;8765;1067;4117
2024-04-03;6138;8816;1144;4136
2024-04-04;7121;9533;1255;4530
2024-04-05;7627;10581;1388;4830
2024-04-06;7662;1029;1354;4863
2024-04-07;6286;846;1191;4090
2024-04-08;6203;8932;1091;4066
2024-04-09;6174;8570;1139;4228
2024-04-10;6457;9036;1173;4153
2024-04-11;6763;9357;1260;4512
2024-04-12;7567;10580;1333;4831
2024-04-13;7418;1087;1378;4835
2024-04-14;6235;840;1132;4151
2024-04-15;6084;8751;1090;4089
2024-04-16;6180;8570;1142;4080
2024-04-17;6079;8507;1164;4129
2024-04-18;6999;9387;1243;4416
2024-04-19;7438;10308;1308;4952
2024-04-20;7802;978;1388;4960
2024-04-21;6267;835;1123;4110
2024-04-22;6141;8474;1119;4099
2024-04-23;6468;8608;1111;4119
2024-04-24;6165;8661;1208;4168
2024-04-25;7041;9346;1216;4471
2024-04-26;7765;10103;1436;4844
2024-04-27;7494;1024;1363;4902
2024-04-28;6159;845;1167;4068
2024-04-29;6547;8502;1183;4070
2024-04-30;6152;8398;1135;4141
2024-05-01;6186;8450;1155;4174
2024-05-02;6795;9391;1270;4634
2024-05-03;7400;10076;1428;4963
2024-05-04;7294;1037;1409;4944
2024-05-05;6133;836;1140;4116
2024-05-06;6157;8420;1109;4080
2024-05-07;5865;8217;1148;4117
2024-05-08;6038;8239;1181;4083
2024-05-09;6701;9099;1230;4509
2024-05-10;6839;10077;1390;4812
2024-05-11;6886;1003;1380;4938
2024-05-12;5670;852;1139;4075
2024-05-13;5556;8299;1146;4210
2024-05-14;5855;8350;1122;4097
2024-05-15;5915;8469;1135;4136
2024-05-16;6428;9345;1268;4518
2024-05-17;6946;9875;1377;4907
2024-05-18;6513;1007;1350;4893
2024-05-19;6188;922;1241;4590
2024-05-20;5987;8794;1313;4646
2024-05-21;5803;9319;1289;4565
2024-05-22;4560;7723;1204;3952
2024-05-23;6126;9385;1308;4613
2024-05-24;7251;10725;1529;5475
2024-05-25;6639;1111;1547;5437
2024-05-26;5937;922;1311;4513
2024-05-27;5985;9071;1310;4521
2024-05-28;5914;9186;1249;4530
2024-05-29;5068;7471;1155;4111
2024-05-30;6095;7665;1022;4190
2024-05-31;6022;9054;1033;4148
2024-06-01;6282;764;1078;4516
2024-06-02;6851;822;971;4620
2024-06-03;7003;7895;972;3775
2024-06-04;7900;8240;1050;4861
2024-06-05;8865;7817;1113;3852
2024-06-06;8442;8329;1158;3770
2024-06-07;7706;8912;1033;5000
2024-06-08;8028;772;1065;5029
2024-06-09;8096;832;1150;4191
2024-06-10;8712;8282;1039;5117
2024-06-11;8493;8078;1069;3951
2024-06-12;9375;8457;971;4944
2024-06-13;8625;8626;982;3973
2024-06-14;9101;7516;993;5052
2024-06-15;8768;881;1039;4311
2024-06-16;8619;789;959;4536
2024-06-17;8488;7980;1092;4799
2024-06-18;7797;8650;1047;4051
2024-06-19;8453;9330;989;4594
2024-06-20;7970;7682;1010;4977
2024-06-21;8599;8531;1036;4178
2024-06-22;7801;790;951;4775
2024-06-23;8255;859;1063;5203
2024-06-24;8241;7554;977;4130
2024-06-25;7960;8856;1025;3916
2024-06-26;7719;7899;1103;4025
2024-06-27;7201;7848;1162;5082
2024-06-28;7258;8781;1193;4965
2024-06-29;7818;787;1321;4421
2024-06-30;7883;932;1335;3808
2024-07-01;7330;8962;1435;4668
2024-07-02;6876;9139;1383;3751
2024-07-03;7385;8272;1357;3781
2024-07-04;7244;7795;1303;4403
2024-07-05;7638;8117;1362;4524
2024-07-06;6919;889;1329;4892
2024-07-07;6100;923;1199;4430
2024-07-08;5285;7504;1140;4204
2024-07-09;5488;8148;1055;4146
2024-07-10;6177;8542;1169;4188
2024-07-11;6466;9188;1240;4664
2024-07-12;6120;8251;1270;4530
2024-07-13;6086;887;1378;5059
2024-07-14;5635;868;1425;4649
2024-07-15;6105;7529;1337;4240
2024-07-16;6406;8657;1167;4391
2024-07-17;5430;7642;1057;3740
2024-07-18;4689;8815;1180;4555
2024-07-19;5338;8266;1214;5105
2024-07-20;6283;790;1127;5140
2024-07-21;5710;803;1147;4161
2024-07-22;5123;7826;1098;4622
2024-07-23;5227;8324;1156;4131
2024-07-24;6142;9041;1051;4785
2024-07-25;6694;8026;934;5046
2024-07-26;7585;8021;889;4725
2024-07-27;7167;901;882;5281
2024-07-28;7662;904;960;4131
2024-07-29;7115;8843;893;4803
2024-07-30;6483;8290;966;4152
2024-07-31;7242;8305;899;4425
2024-08-01;6809;8160;892;3693
2024-08-02;7704;9087;774;4817
2024-08-03;6934;819;818;5319
2024-08-04;7143;878;915;4295
2024-08-05;7839;8540;794;3830
2024-08-06;6899;8544;781;4932
2024-08-07;7872;9297;688;4137
2024-08-08;7359;7572;647;4628
2024-08-09;6919;7993;761;4112
2024-08-10;6229;767;874;4651
2024-08-11;7178;816;933;4438
2024-08-12;6735;8588;831;4204
2024-08-13;7206;7987;718;4552
2024-08-14;8044;8830;840;4476
2024-08-15;8917;7518;845;5227
2024-08-16;9199;8994;780;4858
2024-08-17;9747;828;769;4149
2024-08-18;10029;889;649;4919
2024-08-19;10919;8068;668;4602
2024-08-20;11314;9296;641;5282
2024-08-21;11265;7564;548;3978
2024-08-22;10657;9248;582;4561
2024-08-23;10956;9169;626;4068
2024-08-24;10299;886;748;5165
2024-08-25;9804;852;637;4533
2024-08-26;10152;8135;552;4850
2024-08-27;10897;8238;516;4369
2024-08-28;10737;8976;426;4186
2024-08-29;10802;8714;351;4154
2024-08-30;11741;8006;264;4799
2024-08-31;11240;887;332;4659
2024-09-01;10663;928;322;4821
2024-09-02;10850;8800;453;4954
2024-09-03;11196;8481;380;3995
2024-09-04;12170;8382;461;5049
2024-09-05;11953;9062;412;3979
2024-09-06;11336;8753;283;4789
2024-09-07;11317;758;414;4290
2024-09-08;11674;764;495;3863
2024-09-09;11237;7661;388;5103
2024-09-10;11839;8783;344;4871
2024-09-11;11033;8088;348;4161
2024-09-12;10580;8810;228;3949
2024-09-13;10002;8761;181;5074
2024-09-14;10565;765;182;4422
2024-09-15;11299;860;209;4794
2024-09-16;11903;8587;126;5194
2024-09-17;11502;8327;139;4969
2024-09-18;10643;8105;68;4970
2024-09-19;11373;8595;54;4917
2024-09-20;12117;8844;59;5036
2024-09-21;13069;882;31;5272
2024-09-22;12333;757;23;4097
2024-09-23;12791;9054;34;4103
2024-09-24;13153;8268;23;4106
2024-09-25;12897;7578;68;4292
2024-09-26;13017;8114;110;4514
2024-09-27;12287;7784;174;4648
2024-09-28;12943;783;145;4208
2024-09-29;13453;785;222;3878
2024-09-30;13414;8396;131;4056
2024-10-01;12817;9133;213;4516
2024-10-02;12268;8744;294;4003
2024-10-03;11735;8053;348;4356
2024-10-04;12337;9281;305;4324
2024-10-05;11592;898;283;5038
2024-10-06;10729;787;292;4918
2024-10-07;10907;7774;372;4683
2024-10-08;11326;8732;244;5168
2024-10-09;10968;8187;146;4940
2024-10-10;11155;9271;138;4076
2024-10-11;10799;8940;57;4209
2024-10-12;11591;820;171;4390
2024-10-13;11181;896;283;5168
2024-10-14;11156;8180;404;4478
2024-10-15;11521;8859;464;3654
2024-10-16;12492;9201;546;3510
2024-10-17;11768;9068;439;5291
2024-10-18;11968;7634;403;3921
2024-10-19;12674;844;426;4493
2024-10-20;11952;894;389;4316
2024-10-21;12721;9041;521;5022
2024-10-22;11840;8614;623;4753
2024-10-23;11193;9001;607;4208
2024-10-24;11684;7989;714;3656
2024-10-25;11956;9114;833;5116
2024-10-26;11901;863;712;4334
2024-10-27;11484;822;604;4643
2024-10-28;10713;8690;704;5554
2024-10-29;11033;9183;607;4203
2024-10-30;10859;8809;665;5237
2024-10-31;11638;8300;648;5133
2024-11-01;10868;8500;608;3844
2024-11-02;10730;813;636;4985
2024-11-03;11015;775;532;4324
2024-11-04;11565;7901;429;5329
2024-11-05;11506;7825;338;3936
2024-11-06;12303;9246;401;5091
2024-11-07;13004;7939;390;4082
2024-11-08;12171;9402;333;4283
2024-11-09;12880;756;313;5300
2024-11-10;12448;976;399;4623
2024-11-11;12442;8470;362;3617
2024-11-12;11902;8506;334;5090
2024-11-13;12350;7796;270;3877
2024-11-14;13235;8780;295;4002
2024-11-15;12554;8550;275;3880
2024-11-16;12960;903;277;4584
2024-11-17;12105;949;197;4297
2024-11-18;12565;9372;66;4326
2024-11-19;12695;9753;43;4340
2024-11-20;12975;8438;17;4278
2024-11-21;12533;8175;112;5479
2024-11-22;13478;9265;87;4183
2024-11-23;13762;924;78;4132
2024-11-24;14264;826;165;3603
2024-11-25;15184;9242;249;5099
2024-11-26;14343;8945;211;5092
2024-11-27;13992;9702;80;3959
2024-11-28;13381;7920;106;4280
2024-11-29;13169;8310;42;4022
2024-11-30;12813;899;57;4912
2024-12-01;12288;795;62;5261
2024-12-02;11525;8764;483;3916
2024-12-03;11414;7851;667;4422
2024-12-04;11913;9181;561;5455
2024-12-05;12500;7918;680;4452
2024-12-06;12799;9513;690;4078
2024-12-07;12235;869;671;4573
2024-12-08;13059;889;682;3752
2024-12-09;12844;8274;625;4141
2024-12-10;13352;9835;610;3818
2024-12-11;14236;9351;586;3595
2024-12-12;13409;9904;601;4791
2024-12-13;13812;7838;522;5084
2024-12-14;13440;979;419;4635
2024-12-15;14029;977;750;4519
2024-12-16;13602;8559;778;4117
2024-12-17;12606;8353;903;4111
2024-12-18;12612;8476;940;3668
2024-12-19;12797;9381;978;4639
2024-12-20;13358;7901;869;4549
2024-12-21;13147;921;834;5144
2024-12-22;13093;783;894;4557
2024-12-23;13363;9006;976;4243
2024-12-24;14320;830;979;5452
2024-12-25;15145;826;1005;6167
2024-12-26;15828;777;949;6258
2024-12-27;15247;8407;834;6328
2024-12-28;15306;973;925;6293
2024-12-29;15420;998;957;6956